<?xml version="1.0" encoding="UTF-8"?>
<addon id="repository.dmnc.aio-repo" name="AIO Repository selection for KODI 18/19" version="0.1.5" provider-name="DMNC_NET">
  <extension point="xbmc.addon.repository">
    <!-- repository.castagnait -->
    <dir minversion="18.9.0">
      <info>https://github.com/CastagnaIT/repository.castagnait/raw/matrix/addons.xml</info>
      <checksum>https://github.com/CastagnaIT/repository.castagnait/raw/matrix/addons.xml.md5</checksum>
      <datadir zip="true">https://github.com/CastagnaIT/repository.castagnait/raw/matrix/zip</datadir>
    </dir>
    <dir minversion="17.9.0">
      <info>https://github.com/CastagnaIT/repository.castagnait/raw/master/addons.xml</info>
      <checksum>https://github.com/CastagnaIT/repository.castagnait/raw/master/addons.xml.md5</checksum>
      <datadir zip="true">https://github.com/CastagnaIT/repository.castagnait/raw/master/zip</datadir>
    </dir>
    <!-- repository.emby.kodi -->
    <dir>
      <info compressed="false">https://embydata.com/downloads/addons/xbmb3c/multi-repo/repositories/addons.xml</info>
      <checksum>https://embydata.com/downloads/addons/xbmb3c/multi-repo/repositories/addons.xml.md5</checksum>
      <datadir zip="true">https://embydata.com/downloads/addons/xbmb3c/multi-repo/repositories/</datadir>
    </dir>
    <dir minversion="18.9.0">
      <info compressed="false">https://embydata.com/downloads/addons/xbmb3c/multi-repo/matrix/addons.xml</info>
      <checksum>https://embydata.com/downloads/addons/xbmb3c/multi-repo/matrix/addons.xml.md5</checksum>
      <datadir zip="true">https://embydata.com/downloads/addons/xbmb3c/multi-repo/matrix/</datadir>
    </dir>
    <dir minversion="18.9.0">
      <info compressed="false">https://embydata.com/downloads/addons/xbmb3c/multi-repo/beta-matrix/addons.xml</info>
      <checksum>https://embydata.com/downloads/addons/xbmb3c/multi-repo/beta-matrix/addons.xml.md5</checksum>
      <datadir zip="true">https://embydata.com/downloads/addons/xbmb3c/multi-repo/beta-matrix/</datadir>
    </dir>
    <dir minversion="17.9.0">
      <info compressed="false">https://embydata.com/downloads/addons/xbmb3c/multi-repo/leia/addons.xml</info>
      <checksum>https://embydata.com/downloads/addons/xbmb3c/multi-repo/leia/addons.xml.md5</checksum>
      <datadir zip="true">https://embydata.com/downloads/addons/xbmb3c/multi-repo/leia/</datadir>
    </dir>
    <dir minversion="17.9.0">
      <info compressed="false">https://embydata.com/downloads/addons/xbmb3c/multi-repo/beta-leia/addons.xml</info>
      <checksum>https://embydata.com/downloads/addons/xbmb3c/multi-repo/beta-leia/addons.xml.md5</checksum>
      <datadir zip="true">https://embydata.com/downloads/addons/xbmb3c/multi-repo/beta-leia/</datadir>
    </dir>
    <!-- repository.plexkodiconnect -->
    <dir>
      <info compressed="false">https://raw.githubusercontent.com/croneter/binary_repo/master/stable/addons.xml</info>
      <checksum>https://raw.githubusercontent.com/croneter/binary_repo/master/stable/addons.xml.md5</checksum>
      <datadir zip="true">https://raw.githubusercontent.com/croneter/binary_repo/master/stable/</datadir>
    </dir>
    <dir>
      <info compressed="false">https://raw.githubusercontent.com/croneter/binary_repo/master/beta/addons.xml</info>
      <checksum>https://raw.githubusercontent.com/croneter/binary_repo/master/beta/addons.xml.md5</checksum>
      <datadir zip="true">https://raw.githubusercontent.com/croneter/binary_repo/master/beta/</datadir>
    </dir>
    <!-- hacky (SCC) -->
    <dir>
      <info compressed="false">https://repo.sc2.zone/repo/addons.xml</info>
      <checksum>https://repo.sc2.zone/repo/addons.xml.md5</checksum>
      <datadir zip="true">https://repo.sc2.zone/repo/</datadir>
    </dir>
    <dir minversion="18.9.0">
      <info compressed="false">https://repo.sc2.zone/repo-v19/addons.xml</info>
      <checksum>https://repo.sc2.zone/repo-v19/addons.xml.md5</checksum>
      <datadir zip="true">https://repo.sc2.zone/repo-v19/</datadir>
    </dir>
    <dir minversion="17.9.0" maxversion="18.9.0">
      <info compressed="false">https://repo.sc2.zone/repo-v18/addons.xml</info>
      <checksum>https://repo.sc2.zone/repo-v18/addons.xml.md5</checksum>
      <datadir zip="true">https://repo.sc2.zone/repo-v18/</datadir>
    </dir>
    <!-- repository.xbmc-kodi.cz -->
    <dir minversion="18.9.0">
      <info>https://mirror.xbmc-kodi.cz/addons/matrix/addons.xml.gz</info>
      <checksum verify="sha256">https://mirror.xbmc-kodi.cz/addons/matrix/addons.xml.gz?sha256</checksum>
      <datadir>https://mirror.xbmc-kodi.cz/addons/matrix/</datadir>
      <artdir>https://mirror.xbmc-kodi.cz/addons/matrix/</artdir>
      <hashes>sha256</hashes>
    </dir>
    <dir minversion="17.9.0">
      <info>https://mirror.xbmc-kodi.cz/addons/leia/addons.xml.gz</info>
      <checksum verify="sha256">https://mirror.xbmc-kodi.cz/addons/leia/addons.xml.gz?sha256</checksum>
      <datadir zip="true">https://mirror.xbmc-kodi.cz/addons/leia</datadir>
      <hashes>sha256</hashes>
    </dir>
    <!-- repository.beam.xbmc-addons -->
    <dir>
      <info compressed="false">https://xbmc-repo.bimovi.cz/addons.xml</info>
      <checksum>https://xbmc-repo.bimovi.cz/addons.xml.md5</checksum>
      <datadir zip="true">https://xbmc-repo.bimovi.cz/packages/</datadir>
    </dir>
    <!-- repository.marcelveldt -->
    <dir>
      <info compressed="false">https://raw.githubusercontent.com/kodi-community-addons/repository.marcelveldt/master/addons.xml</info>
      <checksum>https://raw.githubusercontent.com/kodi-community-addons/repository.marcelveldt/master/addons.xml.md5</checksum>
      <datadir zip="true">https://raw.githubusercontent.com/kodi-community-addons/repository.marcelveldt/master/</datadir>
    </dir>
    <!-- repository.linuxserver.docker.ext -->
    <dir>
      <info compressed="true">https://raw.githubusercontent.com/linuxserver/libreelec-addons/master/addons.xml</info>
      <checksum>https://raw.githubusercontent.com/linuxserver/libreelec-addons/master/addons.xml.md5</checksum>
      <datadir zip="true">https://raw.githubusercontent.com/linuxserver/libreelec-addons/master/download</datadir>
    </dir>
    <dir>
      <info compressed="true">https://raw.githubusercontent.com/linuxserver/libreelec-addon-repo/master/addons.xml</info>
      <checksum>https://raw.githubusercontent.com/linuxserver/libreelec-addon-repo/master/addons.xml.md5</checksum>
      <datadir zip="true">https://raw.githubusercontent.com/linuxserver/libreelec-addon-repo/master/download</datadir>
    </dir>
  </extension>
  <extension point="xbmc.addon.metadata">
    <summary>All-in-one KODI 18/19 Repository selection</summary>
    <description> - repository.CastagnaIT
 - repository.marcelveldt
 - repository.emby.kodi
 - repository.plexkodiconnect
 - repository.linuxserver.docker
 - repository.beam.xbmc-addons
 - repository.hacky (SCC)
 - repository.xbmc-kodi.cz
         </description>
    <platform>all</platform>
  </extension>
</addon>
