<?xml version="1.0" encoding="UTF-8"?>
<addon id="repository.dmnc.aio-repo" name="AIO Repository selection for KODI 18/19" version="0.1" provider-name="DMNC_NET">
  <extension point="xbmc.addon.repository">
    <dir minversion="17.9.0">
      <info>https://github.com/dmnc-net/repository.dmnc.aio-repo/raw/master/repository.xml</info>
      <checksum>https://github.com/dmnc-net/repository.dmnc.aio-repo/raw/master/repository.xml.md5</checksum>
      <datadir zip="true">https://github.com/dmnc-net/repository.dmnc.aio-repo/raw/master/</datadir>
    </dir>
  </extension>
  <extension point="xbmc.addon.metadata">
    <summary>All-in-one KODI 18/19 Repository selection</summary>
    <description>Installer</description>
    <platform>all</platform>
    <news>1st release</news>
  </extension>
</addon>
